-- MySQL dump 10.13  Distrib 8.0.23, for Win64 (x86_64)
--
-- Host: localhost    Database: foiro
-- ------------------------------------------------------
-- Server version	8.0.23

/*!40101 SET @OLD_CHARACTER_SET_CLIENT=@@CHARACTER_SET_CLIENT */;
/*!40101 SET @OLD_CHARACTER_SET_RESULTS=@@CHARACTER_SET_RESULTS */;
/*!40101 SET @OLD_COLLATION_CONNECTION=@@COLLATION_CONNECTION */;
/*!50503 SET NAMES utf8mb4 */;
/*!40103 SET @OLD_TIME_ZONE=@@TIME_ZONE */;
/*!40103 SET TIME_ZONE='+00:00' */;
/*!40014 SET @OLD_UNIQUE_CHECKS=@@UNIQUE_CHECKS, UNIQUE_CHECKS=0 */;
/*!40014 SET @OLD_FOREIGN_KEY_CHECKS=@@FOREIGN_KEY_CHECKS, FOREIGN_KEY_CHECKS=0 */;
/*!40101 SET @OLD_SQL_MODE=@@SQL_MODE, SQL_MODE='NO_AUTO_VALUE_ON_ZERO' */;
/*!40111 SET @OLD_SQL_NOTES=@@SQL_NOTES, SQL_NOTES=0 */;

--
-- Table structure for table `contest`
--

DROP TABLE IF EXISTS `contest`;
/*!40101 SET @saved_cs_client     = @@character_set_client */;
/*!50503 SET character_set_client = utf8mb4 */;
CREATE TABLE `contest` (
  `id` int unsigned NOT NULL AUTO_INCREMENT,
  `name` varchar(255) NOT NULL,
  `date` date NOT NULL,
  PRIMARY KEY (`id`)
) ENGINE=InnoDB AUTO_INCREMENT=12 DEFAULT CHARSET=utf8mb4 COLLATE=utf8mb4_0900_ai_ci;
/*!40101 SET character_set_client = @saved_cs_client */;

--
-- Dumping data for table `contest`
--

LOCK TABLES `contest` WRITE;
/*!40000 ALTER TABLE `contest` DISABLE KEYS */;
INSERT INTO `contest` VALUES (1,'Science Fair Event','2022-01-12'),(2,'Mathematics Olympiad Competition','2021-09-22'),(3,'Inter-School Accounting Quiz','2021-06-06'),(4,'English Essay Writing Competition','2022-01-26'),(5,'Chinese Story Telling Competition','2022-11-24'),(6,'Robotics Edu Challenge','2021-11-29'),(7,'Online STEM Contest','2022-01-28'),(8,'Smart Home Hackathon','2021-12-17'),(9,'International Poster Competition','2022-01-27'),(10,'Game Design Challenge','2022-05-31'),(11,'National Cross Country Run','2022-07-02');
/*!40000 ALTER TABLE `contest` ENABLE KEYS */;
UNLOCK TABLES;

--
-- Table structure for table `judge`
--

DROP TABLE IF EXISTS `judge`;
/*!40101 SET @saved_cs_client     = @@character_set_client */;
/*!50503 SET character_set_client = utf8mb4 */;
CREATE TABLE `judge` (
  `username` varchar(15) NOT NULL,
  `name` varchar(80) CHARACTER SET utf8mb4 COLLATE utf8mb4_0900_ai_ci NOT NULL,
  `password` char(255) CHARACTER SET utf8mb4 COLLATE utf8mb4_0900_ai_ci NOT NULL COMMENT 'SHA-512 encrypted',
  PRIMARY KEY (`username`)
) ENGINE=InnoDB DEFAULT CHARSET=utf8mb4 COLLATE=utf8mb4_0900_ai_ci;
/*!40101 SET character_set_client = @saved_cs_client */;

--
-- Dumping data for table `judge`
--

LOCK TABLES `judge` WRITE;
/*!40000 ALTER TABLE `judge` DISABLE KEYS */;
INSERT INTO `judge` VALUES ('020417302000','Ranee Foulkes','8b15290692e025f771b2aa24b97c27c1d45f92fc80185c2c5790ab9e13293a6565922a2d9820d3960d323259a8f389527c72b01c9db2a809a5e8a0190b76efb1'),('022097438924','Sophronia Battill','cf83e1357eefb8bdf1542850d66d8007d620e4050b5715dc83f4a921d36ce9ce47d0d13c5d85f2b0ff8318d2877eec2f63b931bd47417a81a538327af927da3e'),('030407870968','Hayley McAlpine','8b15290692e025f771b2aa24b97c27c1d45f92fc80185c2c5790ab9e13293a6565922a2d9820d3960d323259a8f389527c72b01c9db2a809a5e8a0190b76efb1'),('037081119121','Hanny Fears','8b15290692e025f771b2aa24b97c27c1d45f92fc80185c2c5790ab9e13293a6565922a2d9820d3960d323259a8f389527c72b01c9db2a809a5e8a0190b76efb1'),('037334050316','Marilee Newick','8b15290692e025f771b2aa24b97c27c1d45f92fc80185c2c5790ab9e13293a6565922a2d9820d3960d323259a8f389527c72b01c9db2a809a5e8a0190b76efb1'),('043518978036','Meggy Heintzsch','8b15290692e025f771b2aa24b97c27c1d45f92fc80185c2c5790ab9e13293a6565922a2d9820d3960d323259a8f389527c72b01c9db2a809a5e8a0190b76efb1'),('087808182469','Tanner Evreux','8b15290692e025f771b2aa24b97c27c1d45f92fc80185c2c5790ab9e13293a6565922a2d9820d3960d323259a8f389527c72b01c9db2a809a5e8a0190b76efb1'),('110218463275','Estevan Pittam','8b15290692e025f771b2aa24b97c27c1d45f92fc80185c2c5790ab9e13293a6565922a2d9820d3960d323259a8f389527c72b01c9db2a809a5e8a0190b76efb1'),('178127183000','Mitch Larenson','8b15290692e025f771b2aa24b97c27c1d45f92fc80185c2c5790ab9e13293a6565922a2d9820d3960d323259a8f389527c72b01c9db2a809a5e8a0190b76efb1'),('309885308339','Liliane Bamfield','8b15290692e025f771b2aa24b97c27c1d45f92fc80185c2c5790ab9e13293a6565922a2d9820d3960d323259a8f389527c72b01c9db2a809a5e8a0190b76efb1'),('374995597579','Jeanie Metson','8b15290692e025f771b2aa24b97c27c1d45f92fc80185c2c5790ab9e13293a6565922a2d9820d3960d323259a8f389527c72b01c9db2a809a5e8a0190b76efb1'),('428486248756','Huberto Gunn','8b15290692e025f771b2aa24b97c27c1d45f92fc80185c2c5790ab9e13293a6565922a2d9820d3960d323259a8f389527c72b01c9db2a809a5e8a0190b76efb1'),('550464217467','Tarah Gruby','8b15290692e025f771b2aa24b97c27c1d45f92fc80185c2c5790ab9e13293a6565922a2d9820d3960d323259a8f389527c72b01c9db2a809a5e8a0190b76efb1'),('552819785079','Rafaelia Paul','8b15290692e025f771b2aa24b97c27c1d45f92fc80185c2c5790ab9e13293a6565922a2d9820d3960d323259a8f389527c72b01c9db2a809a5e8a0190b76efb1'),('672076135563','Dionisio Dielhenn','8b15290692e025f771b2aa24b97c27c1d45f92fc80185c2c5790ab9e13293a6565922a2d9820d3960d323259a8f389527c72b01c9db2a809a5e8a0190b76efb1'),('731199481137','Thibaut Plane','8b15290692e025f771b2aa24b97c27c1d45f92fc80185c2c5790ab9e13293a6565922a2d9820d3960d323259a8f389527c72b01c9db2a809a5e8a0190b76efb1'),('813125258732','Christopher Burge','8b15290692e025f771b2aa24b97c27c1d45f92fc80185c2c5790ab9e13293a6565922a2d9820d3960d323259a8f389527c72b01c9db2a809a5e8a0190b76efb1'),('838437605116','Melly Bridgestock','8b15290692e025f771b2aa24b97c27c1d45f92fc80185c2c5790ab9e13293a6565922a2d9820d3960d323259a8f389527c72b01c9db2a809a5e8a0190b76efb1'),('843259194698','Gannie Huntar','8b15290692e025f771b2aa24b97c27c1d45f92fc80185c2c5790ab9e13293a6565922a2d9820d3960d323259a8f389527c72b01c9db2a809a5e8a0190b76efb1'),('864050605246','Ashlen Klausewitz','8b15290692e025f771b2aa24b97c27c1d45f92fc80185c2c5790ab9e13293a6565922a2d9820d3960d323259a8f389527c72b01c9db2a809a5e8a0190b76efb1'),('871383390011','Carmella Hulland','8b15290692e025f771b2aa24b97c27c1d45f92fc80185c2c5790ab9e13293a6565922a2d9820d3960d323259a8f389527c72b01c9db2a809a5e8a0190b76efb1'),('878625808642','Nappie Emsley','8b15290692e025f771b2aa24b97c27c1d45f92fc80185c2c5790ab9e13293a6565922a2d9820d3960d323259a8f389527c72b01c9db2a809a5e8a0190b76efb1'),('882129583390','Zechariah Siret','8b15290692e025f771b2aa24b97c27c1d45f92fc80185c2c5790ab9e13293a6565922a2d9820d3960d323259a8f389527c72b01c9db2a809a5e8a0190b76efb1'),('884502333097','Jard Jedrzejewski','8b15290692e025f771b2aa24b97c27c1d45f92fc80185c2c5790ab9e13293a6565922a2d9820d3960d323259a8f389527c72b01c9db2a809a5e8a0190b76efb1'),('890302040392','Dave Wick','8b15290692e025f771b2aa24b97c27c1d45f92fc80185c2c5790ab9e13293a6565922a2d9820d3960d323259a8f389527c72b01c9db2a809a5e8a0190b76efb1'),('894224684896','Wendy Weiner','8b15290692e025f771b2aa24b97c27c1d45f92fc80185c2c5790ab9e13293a6565922a2d9820d3960d323259a8f389527c72b01c9db2a809a5e8a0190b76efb1'),('931238650015','Derrik Oldrey','8b15290692e025f771b2aa24b97c27c1d45f92fc80185c2c5790ab9e13293a6565922a2d9820d3960d323259a8f389527c72b01c9db2a809a5e8a0190b76efb1'),('971954873819','Vick Woolens','8b15290692e025f771b2aa24b97c27c1d45f92fc80185c2c5790ab9e13293a6565922a2d9820d3960d323259a8f389527c72b01c9db2a809a5e8a0190b76efb1'),('974713373539','Kincaid Hundey','8b15290692e025f771b2aa24b97c27c1d45f92fc80185c2c5790ab9e13293a6565922a2d9820d3960d323259a8f389527c72b01c9db2a809a5e8a0190b76efb1'),('975515527124','Ramsey Plumb','8b15290692e025f771b2aa24b97c27c1d45f92fc80185c2c5790ab9e13293a6565922a2d9820d3960d323259a8f389527c72b01c9db2a809a5e8a0190b76efb1');
/*!40000 ALTER TABLE `judge` ENABLE KEYS */;
UNLOCK TABLES;

--
-- Table structure for table `judge_contest_lnk`
--

DROP TABLE IF EXISTS `judge_contest_lnk`;
/*!40101 SET @saved_cs_client     = @@character_set_client */;
/*!50503 SET character_set_client = utf8mb4 */;
CREATE TABLE `judge_contest_lnk` (
  `judge_username` varchar(15) CHARACTER SET utf8mb4 COLLATE utf8mb4_0900_ai_ci NOT NULL COMMENT 'FK',
  `contest_id` int unsigned NOT NULL COMMENT 'FK',
  PRIMARY KEY (`judge_username`,`contest_id`) USING BTREE,
  KEY `username` (`judge_username`),
  KEY `contest_id` (`contest_id`),
  CONSTRAINT `judge_contest_lnk_ibfk_1` FOREIGN KEY (`judge_username`) REFERENCES `judge` (`username`) ON DELETE CASCADE ON UPDATE CASCADE,
  CONSTRAINT `judge_contest_lnk_ibfk_2` FOREIGN KEY (`contest_id`) REFERENCES `contest` (`id`) ON DELETE CASCADE ON UPDATE CASCADE
) ENGINE=InnoDB DEFAULT CHARSET=utf8mb4 COLLATE=utf8mb4_0900_ai_ci;
/*!40101 SET character_set_client = @saved_cs_client */;

--
-- Dumping data for table `judge_contest_lnk`
--

LOCK TABLES `judge_contest_lnk` WRITE;
/*!40000 ALTER TABLE `judge_contest_lnk` DISABLE KEYS */;
INSERT INTO `judge_contest_lnk` VALUES ('037334050316',1),('178127183000',1),('882129583390',1),('974713373539',1),('020417302000',2),('110218463275',2),('178127183000',2),('864050605246',2),('110218463275',3),('428486248756',3),('552819785079',3),('838437605116',3),('890302040392',3),('022097438924',4),('882129583390',4),('884502333097',4),('971954873819',4),('975515527124',4),('020417302000',5),('030407870968',5),('110218463275',5),('374995597579',5),('890302040392',5),('975515527124',5),('022097438924',6),('428486248756',6),('838437605116',6),('864050605246',6),('882129583390',6),('037081119121',7),('037334050316',7),('087808182469',7),('309885308339',7),('552819785079',7),('871383390011',7),('884502333097',7),('974713373539',7),('374995597579',8),('894224684896',8),('975515527124',8),('037334050316',9),('309885308339',9),('971954873819',9),('037081119121',10),('043518978036',10),('087808182469',10),('309885308339',10),('894224684896',10),('971954873819',10),('022097438924',11),('037334050316',11),('043518978036',11),('871383390011',11),('971954873819',11);
/*!40000 ALTER TABLE `judge_contest_lnk` ENABLE KEYS */;
UNLOCK TABLES;

--
-- Table structure for table `result`
--

DROP TABLE IF EXISTS `result`;
/*!40101 SET @saved_cs_client     = @@character_set_client */;
/*!50503 SET character_set_client = utf8mb4 */;
CREATE TABLE `result` (
  `student_username` varchar(15) CHARACTER SET utf8mb4 COLLATE utf8mb4_0900_ai_ci NOT NULL,
  `contest_id` int unsigned NOT NULL AUTO_INCREMENT,
  `judge_username` varchar(255) NOT NULL,
  `score` double NOT NULL,
  PRIMARY KEY (`student_username`,`contest_id`,`judge_username`) USING BTREE,
  KEY `contest_id` (`contest_id`),
  KEY `judge_username` (`judge_username`),
  CONSTRAINT `result_ibfk_1` FOREIGN KEY (`student_username`) REFERENCES `student` (`username`) ON DELETE CASCADE ON UPDATE CASCADE,
  CONSTRAINT `result_ibfk_2` FOREIGN KEY (`contest_id`) REFERENCES `contest` (`id`) ON DELETE CASCADE ON UPDATE CASCADE,
  CONSTRAINT `result_ibfk_3` FOREIGN KEY (`judge_username`) REFERENCES `judge` (`username`) ON DELETE CASCADE ON UPDATE CASCADE
) ENGINE=InnoDB AUTO_INCREMENT=7 DEFAULT CHARSET=utf8mb4 COLLATE=utf8mb4_0900_ai_ci;
/*!40101 SET character_set_client = @saved_cs_client */;

--
-- Dumping data for table `result`
--

LOCK TABLES `result` WRITE;
/*!40000 ALTER TABLE `result` DISABLE KEYS */;
INSERT INTO `result` VALUES ('020823017165',1,'037334050316',60),('020823017165',1,'178127183000',59),('020823017165',1,'882129583390',56),('020823017165',1,'974713373539',65),('030313012096',1,'037334050316',85),('030313012096',1,'178127183000',78),('030313012096',1,'882129583390',67),('030313012096',1,'974713373539',78),('060113012045',1,'037334050316',46),('060113012045',1,'178127183000',64),('060113012045',1,'882129583390',57),('060113012045',1,'974713373539',95),('070720014920',1,'037334050316',94),('070720014920',1,'178127183000',76),('070720014920',1,'882129583390',85),('070720014920',1,'974713373539',64),('080818013884',1,'037334050316',79),('080818013884',1,'178127183000',97),('080818013884',1,'882129583390',54),('080818013884',1,'974713373539',45);
/*!40000 ALTER TABLE `result` ENABLE KEYS */;
UNLOCK TABLES;

--
-- Table structure for table `school`
--

DROP TABLE IF EXISTS `school`;
/*!40101 SET @saved_cs_client     = @@character_set_client */;
/*!50503 SET character_set_client = utf8mb4 */;
CREATE TABLE `school` (
  `code` char(7) NOT NULL,
  `name` varchar(255) DEFAULT NULL,
  PRIMARY KEY (`code`)
) ENGINE=InnoDB DEFAULT CHARSET=utf8mb4 COLLATE=utf8mb4_0900_ai_ci;
/*!40101 SET character_set_client = @saved_cs_client */;

--
-- Dumping data for table `school`
--

LOCK TABLES `school` WRITE;
/*!40000 ALTER TABLE `school` DISABLE KEYS */;
INSERT INTO `school` VALUES ('AFE2987','West Shores High School'),('ERN3314','Edgewater Academy'),('FRR4213','Riverview High School'),('GGQ7767','Lakeside Elementary'),('HFS1647','Oak Hills School'),('IXE5048','Village High School'),('JQY0450','Tranquillity Institute'),('JVU2085','Deer Valley University'),('KID2572','Darwin Grammar School'),('MGF9591','Deer River Institute'),('QOB4738','Paradise Secondary School'),('RFS1785','Mammoth Elementary'),('RRG9563','Westview Grammar School'),('TOW5429','Bayshore Secondary School'),('VCM2640','Hercules Charter School'),('VHQ3358','West Bridge Charter School'),('VPE9596','Sacred Heart Conservatory'),('WHH2371','Pleasant Grove School for Girls'),('XFQ4451','Valley View Academy'),('XLR5320','Marie Curie University');
/*!40000 ALTER TABLE `school` ENABLE KEYS */;
UNLOCK TABLES;

--
-- Table structure for table `student`
--

DROP TABLE IF EXISTS `student`;
/*!40101 SET @saved_cs_client     = @@character_set_client */;
/*!50503 SET character_set_client = utf8mb4 */;
CREATE TABLE `student` (
  `username` varchar(15) NOT NULL,
  `name` varchar(80) CHARACTER SET utf8mb4 COLLATE utf8mb4_0900_ai_ci NOT NULL,
  `password` char(255) CHARACTER SET utf8mb4 COLLATE utf8mb4_0900_ai_ci NOT NULL COMMENT 'SHA-512 encrypted',
  `school` char(7) CHARACTER SET utf8mb4 COLLATE utf8mb4_0900_ai_ci DEFAULT NULL COMMENT 'School code, FK',
  PRIMARY KEY (`username`),
  KEY `school` (`school`),
  CONSTRAINT `student_ibfk_1` FOREIGN KEY (`school`) REFERENCES `school` (`code`) ON DELETE SET NULL ON UPDATE CASCADE
) ENGINE=InnoDB DEFAULT CHARSET=utf8mb4 COLLATE=utf8mb4_0900_ai_ci;
/*!40101 SET character_set_client = @saved_cs_client */;

--
-- Dumping data for table `student`
--

LOCK TABLES `student` WRITE;
/*!40000 ALTER TABLE `student` DISABLE KEYS */;
INSERT INTO `student` VALUES ('020207017531','Elliott Underwood','8b15290692e025f771b2aa24b97c27c1d45f92fc80185c2c5790ab9e13293a6565922a2d9820d3960d323259a8f389527c72b01c9db2a809a5e8a0190b76efb1','HFS1647'),('020313018358','Roth Russell','8b15290692e025f771b2aa24b97c27c1d45f92fc80185c2c5790ab9e13293a6565922a2d9820d3960d323259a8f389527c72b01c9db2a809a5e8a0190b76efb1','GGQ7767'),('020316012104','Jescie Hill','8b15290692e025f771b2aa24b97c27c1d45f92fc80185c2c5790ab9e13293a6565922a2d9820d3960d323259a8f389527c72b01c9db2a809a5e8a0190b76efb1',NULL),('020605016914','Mari Palmer','8b15290692e025f771b2aa24b97c27c1d45f92fc80185c2c5790ab9e13293a6565922a2d9820d3960d323259a8f389527c72b01c9db2a809a5e8a0190b76efb1','GGQ7767'),('020709013477','Macey Walls','8b15290692e025f771b2aa24b97c27c1d45f92fc80185c2c5790ab9e13293a6565922a2d9820d3960d323259a8f389527c72b01c9db2a809a5e8a0190b76efb1','JVU2085'),('020820015791','Randall Day','8b15290692e025f771b2aa24b97c27c1d45f92fc80185c2c5790ab9e13293a6565922a2d9820d3960d323259a8f389527c72b01c9db2a809a5e8a0190b76efb1',NULL),('020822013617','Ignatius Franklin','8b15290692e025f771b2aa24b97c27c1d45f92fc80185c2c5790ab9e13293a6565922a2d9820d3960d323259a8f389527c72b01c9db2a809a5e8a0190b76efb1',NULL),('020823017165','Tamekah Pacheco','8b15290692e025f771b2aa24b97c27c1d45f92fc80185c2c5790ab9e13293a6565922a2d9820d3960d323259a8f389527c72b01c9db2a809a5e8a0190b76efb1','QOB4738'),('020912017237','Dennis Goodwin','8b15290692e025f771b2aa24b97c27c1d45f92fc80185c2c5790ab9e13293a6565922a2d9820d3960d323259a8f389527c72b01c9db2a809a5e8a0190b76efb1',NULL),('020916013284','Evangeline Ferguson','8b15290692e025f771b2aa24b97c27c1d45f92fc80185c2c5790ab9e13293a6565922a2d9820d3960d323259a8f389527c72b01c9db2a809a5e8a0190b76efb1','GGQ7767'),('025166423374','Emma Rhodes','8b15290692e025f771b2aa24b97c27c1d45f92fc80185c2c5790ab9e13293a6565922a2d9820d3960d323259a8f389527c72b01c9db2a809a5e8a0190b76efb1','ERN3314'),('030100019406','Fletcher Rosa','8b15290692e025f771b2aa24b97c27c1d45f92fc80185c2c5790ab9e13293a6565922a2d9820d3960d323259a8f389527c72b01c9db2a809a5e8a0190b76efb1',NULL),('030105019262','Denton Kinney','8b15290692e025f771b2aa24b97c27c1d45f92fc80185c2c5790ab9e13293a6565922a2d9820d3960d323259a8f389527c72b01c9db2a809a5e8a0190b76efb1','VHQ3358'),('030313012096','Porter Hall','8b15290692e025f771b2aa24b97c27c1d45f92fc80185c2c5790ab9e13293a6565922a2d9820d3960d323259a8f389527c72b01c9db2a809a5e8a0190b76efb1',NULL),('030400010319','Kimberley Johnston','8b15290692e025f771b2aa24b97c27c1d45f92fc80185c2c5790ab9e13293a6565922a2d9820d3960d323259a8f389527c72b01c9db2a809a5e8a0190b76efb1',NULL),('030403015452','Rooney Kirby','8b15290692e025f771b2aa24b97c27c1d45f92fc80185c2c5790ab9e13293a6565922a2d9820d3960d323259a8f389527c72b01c9db2a809a5e8a0190b76efb1','WHH2371'),('030516019963','Jameson Torres','8b15290692e025f771b2aa24b97c27c1d45f92fc80185c2c5790ab9e13293a6565922a2d9820d3960d323259a8f389527c72b01c9db2a809a5e8a0190b76efb1','XLR5320'),('030522013065','Gavin Ingram','8b15290692e025f771b2aa24b97c27c1d45f92fc80185c2c5790ab9e13293a6565922a2d9820d3960d323259a8f389527c72b01c9db2a809a5e8a0190b76efb1',NULL),('030525019229','Nelle Salazar','8b15290692e025f771b2aa24b97c27c1d45f92fc80185c2c5790ab9e13293a6565922a2d9820d3960d323259a8f389527c72b01c9db2a809a5e8a0190b76efb1',NULL),('030608010915','Phoebe Brock','8b15290692e025f771b2aa24b97c27c1d45f92fc80185c2c5790ab9e13293a6565922a2d9820d3960d323259a8f389527c72b01c9db2a809a5e8a0190b76efb1','XLR5320'),('030609016569','Hayes Hays','8b15290692e025f771b2aa24b97c27c1d45f92fc80185c2c5790ab9e13293a6565922a2d9820d3960d323259a8f389527c72b01c9db2a809a5e8a0190b76efb1','VHQ3358'),('030611019853','Zelenia Oliver','8b15290692e025f771b2aa24b97c27c1d45f92fc80185c2c5790ab9e13293a6565922a2d9820d3960d323259a8f389527c72b01c9db2a809a5e8a0190b76efb1','RFS1785'),('030708012408','Kenneth Blankenship','8b15290692e025f771b2aa24b97c27c1d45f92fc80185c2c5790ab9e13293a6565922a2d9820d3960d323259a8f389527c72b01c9db2a809a5e8a0190b76efb1',NULL),('030725016514','Kiayada Jensen','8b15290692e025f771b2aa24b97c27c1d45f92fc80185c2c5790ab9e13293a6565922a2d9820d3960d323259a8f389527c72b01c9db2a809a5e8a0190b76efb1','VPE9596'),('040117012260','Camilla Orr','8b15290692e025f771b2aa24b97c27c1d45f92fc80185c2c5790ab9e13293a6565922a2d9820d3960d323259a8f389527c72b01c9db2a809a5e8a0190b76efb1','RRG9563'),('040118012981','Edward Berry','8b15290692e025f771b2aa24b97c27c1d45f92fc80185c2c5790ab9e13293a6565922a2d9820d3960d323259a8f389527c72b01c9db2a809a5e8a0190b76efb1','WHH2371'),('040123015538','Willow Eaton','8b15290692e025f771b2aa24b97c27c1d45f92fc80185c2c5790ab9e13293a6565922a2d9820d3960d323259a8f389527c72b01c9db2a809a5e8a0190b76efb1','RRG9563'),('040218016495','Eve Scott','8b15290692e025f771b2aa24b97c27c1d45f92fc80185c2c5790ab9e13293a6565922a2d9820d3960d323259a8f389527c72b01c9db2a809a5e8a0190b76efb1','XLR5320'),('040224012170','Harper Mathews','8b15290692e025f771b2aa24b97c27c1d45f92fc80185c2c5790ab9e13293a6565922a2d9820d3960d323259a8f389527c72b01c9db2a809a5e8a0190b76efb1',NULL),('040229012702','Timothy Burnett','8b15290692e025f771b2aa24b97c27c1d45f92fc80185c2c5790ab9e13293a6565922a2d9820d3960d323259a8f389527c72b01c9db2a809a5e8a0190b76efb1',NULL),('040318014527','Malcolm Floyd','8b15290692e025f771b2aa24b97c27c1d45f92fc80185c2c5790ab9e13293a6565922a2d9820d3960d323259a8f389527c72b01c9db2a809a5e8a0190b76efb1','VHQ3358'),('040319018681','Tallulah Campos','8b15290692e025f771b2aa24b97c27c1d45f92fc80185c2c5790ab9e13293a6565922a2d9820d3960d323259a8f389527c72b01c9db2a809a5e8a0190b76efb1',NULL),('040402011158','Diana Cobb','8b15290692e025f771b2aa24b97c27c1d45f92fc80185c2c5790ab9e13293a6565922a2d9820d3960d323259a8f389527c72b01c9db2a809a5e8a0190b76efb1',NULL),('040419015503','Harlan Rowland','8b15290692e025f771b2aa24b97c27c1d45f92fc80185c2c5790ab9e13293a6565922a2d9820d3960d323259a8f389527c72b01c9db2a809a5e8a0190b76efb1','VPE9596'),('040600010959','Justin Finch','8b15290692e025f771b2aa24b97c27c1d45f92fc80185c2c5790ab9e13293a6565922a2d9820d3960d323259a8f389527c72b01c9db2a809a5e8a0190b76efb1',NULL),('040629018305','Brandon Gutierrez','8b15290692e025f771b2aa24b97c27c1d45f92fc80185c2c5790ab9e13293a6565922a2d9820d3960d323259a8f389527c72b01c9db2a809a5e8a0190b76efb1','WHH2371'),('040707018785','Ivor Sargent','8b15290692e025f771b2aa24b97c27c1d45f92fc80185c2c5790ab9e13293a6565922a2d9820d3960d323259a8f389527c72b01c9db2a809a5e8a0190b76efb1','VPE9596'),('040711015670','MacKenzie Richard','8b15290692e025f771b2aa24b97c27c1d45f92fc80185c2c5790ab9e13293a6565922a2d9820d3960d323259a8f389527c72b01c9db2a809a5e8a0190b76efb1','QOB4738'),('040712019765','Victor Strong','8b15290692e025f771b2aa24b97c27c1d45f92fc80185c2c5790ab9e13293a6565922a2d9820d3960d323259a8f389527c72b01c9db2a809a5e8a0190b76efb1','VPE9596'),('040925013681','Malachi Hancock','8b15290692e025f771b2aa24b97c27c1d45f92fc80185c2c5790ab9e13293a6565922a2d9820d3960d323259a8f389527c72b01c9db2a809a5e8a0190b76efb1','AFE2987'),('047568421614','Iona Hammond','8b15290692e025f771b2aa24b97c27c1d45f92fc80185c2c5790ab9e13293a6565922a2d9820d3960d323259a8f389527c72b01c9db2a809a5e8a0190b76efb1','WHH2371'),('050110019977','Aquila Lindsay','8b15290692e025f771b2aa24b97c27c1d45f92fc80185c2c5790ab9e13293a6565922a2d9820d3960d323259a8f389527c72b01c9db2a809a5e8a0190b76efb1',NULL),('050115018845','Noble Bowman','8b15290692e025f771b2aa24b97c27c1d45f92fc80185c2c5790ab9e13293a6565922a2d9820d3960d323259a8f389527c72b01c9db2a809a5e8a0190b76efb1',NULL),('050117012128','Louis Blevins','8b15290692e025f771b2aa24b97c27c1d45f92fc80185c2c5790ab9e13293a6565922a2d9820d3960d323259a8f389527c72b01c9db2a809a5e8a0190b76efb1','QOB4738'),('050206017446','April Robles','8b15290692e025f771b2aa24b97c27c1d45f92fc80185c2c5790ab9e13293a6565922a2d9820d3960d323259a8f389527c72b01c9db2a809a5e8a0190b76efb1',NULL),('050306010651','Vera Steele','8b15290692e025f771b2aa24b97c27c1d45f92fc80185c2c5790ab9e13293a6565922a2d9820d3960d323259a8f389527c72b01c9db2a809a5e8a0190b76efb1','TOW5429'),('050306017619','Susan Pacheco','8b15290692e025f771b2aa24b97c27c1d45f92fc80185c2c5790ab9e13293a6565922a2d9820d3960d323259a8f389527c72b01c9db2a809a5e8a0190b76efb1','RRG9563'),('050317019563','Igor Johnston','8b15290692e025f771b2aa24b97c27c1d45f92fc80185c2c5790ab9e13293a6565922a2d9820d3960d323259a8f389527c72b01c9db2a809a5e8a0190b76efb1',NULL),('050400010684','Sharon Morales','8b15290692e025f771b2aa24b97c27c1d45f92fc80185c2c5790ab9e13293a6565922a2d9820d3960d323259a8f389527c72b01c9db2a809a5e8a0190b76efb1','KID2572'),('050502010776','Emi Chandler','8b15290692e025f771b2aa24b97c27c1d45f92fc80185c2c5790ab9e13293a6565922a2d9820d3960d323259a8f389527c72b01c9db2a809a5e8a0190b76efb1','QOB4738'),('050622017981','Zena Haley','8b15290692e025f771b2aa24b97c27c1d45f92fc80185c2c5790ab9e13293a6565922a2d9820d3960d323259a8f389527c72b01c9db2a809a5e8a0190b76efb1','FRR4213'),('050717013882','Jack Wilkerson','8b15290692e025f771b2aa24b97c27c1d45f92fc80185c2c5790ab9e13293a6565922a2d9820d3960d323259a8f389527c72b01c9db2a809a5e8a0190b76efb1','TOW5429'),('060108016196','Hayley Powers','8b15290692e025f771b2aa24b97c27c1d45f92fc80185c2c5790ab9e13293a6565922a2d9820d3960d323259a8f389527c72b01c9db2a809a5e8a0190b76efb1','MGF9591'),('060113012045','Len Fowler','8b15290692e025f771b2aa24b97c27c1d45f92fc80185c2c5790ab9e13293a6565922a2d9820d3960d323259a8f389527c72b01c9db2a809a5e8a0190b76efb1','RFS1785'),('060207015344','Carla King','8b15290692e025f771b2aa24b97c27c1d45f92fc80185c2c5790ab9e13293a6565922a2d9820d3960d323259a8f389527c72b01c9db2a809a5e8a0190b76efb1',NULL),('060224018125','Zahir Horn','8b15290692e025f771b2aa24b97c27c1d45f92fc80185c2c5790ab9e13293a6565922a2d9820d3960d323259a8f389527c72b01c9db2a809a5e8a0190b76efb1',NULL),('060307018223','Eve Cervantes','8b15290692e025f771b2aa24b97c27c1d45f92fc80185c2c5790ab9e13293a6565922a2d9820d3960d323259a8f389527c72b01c9db2a809a5e8a0190b76efb1','QOB4738'),('060404018455','Amal Pace','8b15290692e025f771b2aa24b97c27c1d45f92fc80185c2c5790ab9e13293a6565922a2d9820d3960d323259a8f389527c72b01c9db2a809a5e8a0190b76efb1','RFS1785'),('060506012532','Summer Abbott','8b15290692e025f771b2aa24b97c27c1d45f92fc80185c2c5790ab9e13293a6565922a2d9820d3960d323259a8f389527c72b01c9db2a809a5e8a0190b76efb1',NULL),('060512019394','Elvis Barr','8b15290692e025f771b2aa24b97c27c1d45f92fc80185c2c5790ab9e13293a6565922a2d9820d3960d323259a8f389527c72b01c9db2a809a5e8a0190b76efb1','AFE2987'),('060718010044','Stuart Pena','8b15290692e025f771b2aa24b97c27c1d45f92fc80185c2c5790ab9e13293a6565922a2d9820d3960d323259a8f389527c72b01c9db2a809a5e8a0190b76efb1',NULL),('060806013891','Basil Todd','cf83e1357eefb8bdf1542850d66d8007d620e4050b5715dc83f4a921d36ce9ce47d0d13c5d85f2b0ff8318d2877eec2f63b931bd47417a81a538327af927da3e','FRR4213'),('060814017488','Lee Bean','8b15290692e025f771b2aa24b97c27c1d45f92fc80185c2c5790ab9e13293a6565922a2d9820d3960d323259a8f389527c72b01c9db2a809a5e8a0190b76efb1','GGQ7767'),('060905014166','Solomon Meadows','8b15290692e025f771b2aa24b97c27c1d45f92fc80185c2c5790ab9e13293a6565922a2d9820d3960d323259a8f389527c72b01c9db2a809a5e8a0190b76efb1',NULL),('070114013113','Fatima Summers','8b15290692e025f771b2aa24b97c27c1d45f92fc80185c2c5790ab9e13293a6565922a2d9820d3960d323259a8f389527c72b01c9db2a809a5e8a0190b76efb1','MGF9591'),('070402016733','Zorita Wilson','8b15290692e025f771b2aa24b97c27c1d45f92fc80185c2c5790ab9e13293a6565922a2d9820d3960d323259a8f389527c72b01c9db2a809a5e8a0190b76efb1','JQY0450'),('070601014220','Kirk Head','8b15290692e025f771b2aa24b97c27c1d45f92fc80185c2c5790ab9e13293a6565922a2d9820d3960d323259a8f389527c72b01c9db2a809a5e8a0190b76efb1','GGQ7767'),('070627012411','Dustin Calderon','8b15290692e025f771b2aa24b97c27c1d45f92fc80185c2c5790ab9e13293a6565922a2d9820d3960d323259a8f389527c72b01c9db2a809a5e8a0190b76efb1',NULL),('070720014920','Shoshana Rhodes','8b15290692e025f771b2aa24b97c27c1d45f92fc80185c2c5790ab9e13293a6565922a2d9820d3960d323259a8f389527c72b01c9db2a809a5e8a0190b76efb1','ERN3314'),('070727013309','Sean Clark','8b15290692e025f771b2aa24b97c27c1d45f92fc80185c2c5790ab9e13293a6565922a2d9820d3960d323259a8f389527c72b01c9db2a809a5e8a0190b76efb1','ERN3314'),('070901019476','Tanya Wade','8b15290692e025f771b2aa24b97c27c1d45f92fc80185c2c5790ab9e13293a6565922a2d9820d3960d323259a8f389527c72b01c9db2a809a5e8a0190b76efb1','WHH2371'),('080216012816','Hakeem Ford','8b15290692e025f771b2aa24b97c27c1d45f92fc80185c2c5790ab9e13293a6565922a2d9820d3960d323259a8f389527c72b01c9db2a809a5e8a0190b76efb1','HFS1647'),('080312019052','Freya Hendricks','8b15290692e025f771b2aa24b97c27c1d45f92fc80185c2c5790ab9e13293a6565922a2d9820d3960d323259a8f389527c72b01c9db2a809a5e8a0190b76efb1','MGF9591'),('080324010566','Derek Little','8b15290692e025f771b2aa24b97c27c1d45f92fc80185c2c5790ab9e13293a6565922a2d9820d3960d323259a8f389527c72b01c9db2a809a5e8a0190b76efb1','TOW5429'),('080411019219','Aladdin Hartman','8b15290692e025f771b2aa24b97c27c1d45f92fc80185c2c5790ab9e13293a6565922a2d9820d3960d323259a8f389527c72b01c9db2a809a5e8a0190b76efb1','JQY0450'),('080612018651','Raphael Head','8b15290692e025f771b2aa24b97c27c1d45f92fc80185c2c5790ab9e13293a6565922a2d9820d3960d323259a8f389527c72b01c9db2a809a5e8a0190b76efb1',NULL),('080818013884','Rhiannon Maynard','8b15290692e025f771b2aa24b97c27c1d45f92fc80185c2c5790ab9e13293a6565922a2d9820d3960d323259a8f389527c72b01c9db2a809a5e8a0190b76efb1','HFS1647'),('080915013568','John Doe','8b15290692e025f771b2aa24b97c27c1d45f92fc80185c2c5790ab9e13293a6565922a2d9820d3960d323259a8f389527c72b01c9db2a809a5e8a0190b76efb1','AFE2987'),('080926018290','Hamilton Good','8b15290692e025f771b2aa24b97c27c1d45f92fc80185c2c5790ab9e13293a6565922a2d9820d3960d323259a8f389527c72b01c9db2a809a5e8a0190b76efb1','ERN3314'),('testing','Testing','8b15290692e025f771b2aa24b97c27c1d45f92fc80185c2c5790ab9e13293a6565922a2d9820d3960d323259a8f389527c72b01c9db2a809a5e8a0190b76efb1','AFE2987');
/*!40000 ALTER TABLE `student` ENABLE KEYS */;
UNLOCK TABLES;

--
-- Table structure for table `student_contest_lnk`
--

DROP TABLE IF EXISTS `student_contest_lnk`;
/*!40101 SET @saved_cs_client     = @@character_set_client */;
/*!50503 SET character_set_client = utf8mb4 */;
CREATE TABLE `student_contest_lnk` (
  `student_username` varchar(15) CHARACTER SET utf8mb4 COLLATE utf8mb4_0900_ai_ci NOT NULL COMMENT 'FK',
  `contest_id` int unsigned NOT NULL COMMENT 'FK',
  PRIMARY KEY (`student_username`,`contest_id`) USING BTREE,
  KEY `contest_id` (`contest_id`),
  KEY `username` (`student_username`),
  CONSTRAINT `student_contest_lnk_ibfk_1` FOREIGN KEY (`student_username`) REFERENCES `student` (`username`) ON DELETE CASCADE ON UPDATE CASCADE,
  CONSTRAINT `student_contest_lnk_ibfk_2` FOREIGN KEY (`contest_id`) REFERENCES `contest` (`id`) ON DELETE CASCADE ON UPDATE CASCADE
) ENGINE=InnoDB DEFAULT CHARSET=utf8mb4 COLLATE=utf8mb4_0900_ai_ci;
/*!40101 SET character_set_client = @saved_cs_client */;

--
-- Dumping data for table `student_contest_lnk`
--

LOCK TABLES `student_contest_lnk` WRITE;
/*!40000 ALTER TABLE `student_contest_lnk` DISABLE KEYS */;
INSERT INTO `student_contest_lnk` VALUES ('020823017165',1),('030313012096',1),('060113012045',1),('070720014920',1),('080818013884',1),('030525019229',2),('040117012260',2),('040218016495',2),('040402011158',2),('040419015503',2),('040629018305',2),('040707018785',2),('040712019765',2),('050306010651',2),('050306017619',2),('050400010684',2),('050717013882',2),('080216012816',2),('080915013568',2),('020207017531',3),('020605016914',3),('030525019229',3),('030708012408',3),('040318014527',3),('040707018785',3),('060113012045',3),('080312019052',3),('020709013477',4),('030525019229',4),('030609016569',4),('040117012260',4),('050400010684',4),('050717013882',4),('080411019219',4),('020207017531',5),('030100019406',5),('030525019229',5),('040318014527',5),('040402011158',5),('040629018305',5),('040712019765',5),('050306010651',5),('050306017619',5),('060512019394',5),('070601014220',5),('020207017531',6),('020912017237',6),('030525019229',6),('040117012260',6),('040123015538',6),('040402011158',6),('040629018305',6),('040707018785',6),('050400010684',6),('060108016196',6),('060113012045',6),('060307018223',6),('060814017488',6),('070727013309',6),('080312019052',6),('080818013884',6),('080915013568',6),('030525019229',7),('040218016495',7),('040419015503',7),('050717013882',7),('060224018125',7),('020207017531',8),('020709013477',8),('030525019229',8),('030609016569',8),('050117012128',8),('060814017488',8),('070601014220',8),('080312019052',8),('080411019219',8),('080612018651',8),('080818013884',8),('020912017237',9),('020916013284',9),('040117012260',9),('040218016495',9),('040318014527',9),('040402011158',9),('050110019977',9),('050400010684',9),('060108016196',9),('060113012045',9),('060307018223',9),('060814017488',9),('070601014220',9),('070720014920',9),('080312019052',9),('080818013884',9),('080915013568',9),('020207017531',10),('030313012096',10),('030725016514',10),('040419015503',10),('050306010651',10),('060506012532',10),('070114013113',10),('070601014220',10),('080216012816',10),('080312019052',10),('080926018290',10),('020605016914',11),('040123015538',11),('040218016495',11),('040419015503',11),('050717013882',11),('060113012045',11),('070114013113',11);
/*!40000 ALTER TABLE `student_contest_lnk` ENABLE KEYS */;
UNLOCK TABLES;
/*!40103 SET TIME_ZONE=@OLD_TIME_ZONE */;

/*!40101 SET SQL_MODE=@OLD_SQL_MODE */;
/*!40014 SET FOREIGN_KEY_CHECKS=@OLD_FOREIGN_KEY_CHECKS */;
/*!40014 SET UNIQUE_CHECKS=@OLD_UNIQUE_CHECKS */;
/*!40101 SET CHARACTER_SET_CLIENT=@OLD_CHARACTER_SET_CLIENT */;
/*!40101 SET CHARACTER_SET_RESULTS=@OLD_CHARACTER_SET_RESULTS */;
/*!40101 SET COLLATION_CONNECTION=@OLD_COLLATION_CONNECTION */;
/*!40111 SET SQL_NOTES=@OLD_SQL_NOTES */;

-- Dump completed on 2022-07-03  1:44:15
